{
    "index": "index.ejs",
    "notfound": "404.ejs",
    "redirect": {
        "callback": "/dashboard",
        "logout": "/",
       	"createserver": "/servers?err=CREATED",
        "deleteserver": "/servers",
        "updateservers": "/servers",
        "failedcreateserver": "/servers/new",
        "failedmodifyserver": "/servers/edit",
        "setplan": "/admin",
        "failedsetplan": "/admin",
        "createserverdisabled": "/servers/new?err=disabled",
        "modifyserverdisabled": "/servers/modify?err=disabled",
        "deleteserverdisabled": "/delete?err=disabled",
        "regenpassword": "/settings",
        "setresources": "/admin",
        "failedsetresources": "/admin",
        "giftresources": "/gift",
        "failedgiftresources": "/gift",
        "renewserver": "/dashboard",	
        "setcoins": "/admin",	
        "failedsetcoins": "/admin",	
        "purchaseram": "/store",	
        "failedpurchaseram": "/store",	
        "purchasedisk": "/store",	
        "failedpurchasedisk": "/store",	
        "purchasecpu": "/store",	
        "failedpurchasecpu": "/store",	
        "purchaseservers": "/store",	
        "failedpurchaseservers": "/store",
        "arcioerror": "/dashboard?err=arcio",
        "missingorinvalidcouponcode": "/redeem",
        "successfullyredeemedcoupon": "/redeem",
        "couponcreationfailed": "/admin",
        "couponcreationsuccess": "/admin",
        "couponrevokefailed": "/admin",
        "couponrevokesuccess": "/admin",
        "removeaccountfailed": "/admin",
        "removeaccountsuccess": "/admin"
    },
    "pages": {
        "dashboard": "dashboard.ejs",
        "servers/new": "create.ejs",
        "servers/edit": "edit.ejs",
        "admin": "admin.ejs",
        "admin/plans": "admin-plans.ejs",
        "admin/resources": "admin-resources.ejs",
        "admin/coupons": "admin-coupons.ejs",
        "admin/coins": "admin-coins.ejs",
        "redeem": "redeem.ejs",
        "settings": "settings.ejs",
        "gift": "gift.ejs",
        "j4r": "j4r.ejs",
        "afk": "afk.ejs",
        "store": "store.ejs",
        "servers": "servers.ejs",
        "credits": "credits.ejs",
        "lv": "lv.ejs"
    },
    "mustbeloggedin": [
        "/dashboard",
        "/servers/new",
        "/servers/edit",
        "/settings",
        "/j4r",
        "/gift",
        "/store",
        "/coins",
        "/lv"
    ],
    "mustbeadmin": [
        "/admin",
        "/admin/plans",
        "/admin/resources",
        "/admin/coupons",
        "/admin/coins"
    ],
    "variables": {
        "faviconlink": "https://cdn.discordapp.com/attachments/950770133972971558/989895391136866324/1618173226_RGB_RAMsub2.thumb.gif.51d2cdd467ce1aa2470b2c45dc0f91ae.gif",
        "home": {
            "name": "𝗟𝘂𝗻𝗮𝗦𝗲𝗿𝘃𝗲𝗿ᴾᴿᴼ",
            "icon": "𝗟",
            "admin": "admin 𝗟𝘂𝗻𝗮𝗦𝗲𝗿𝘃𝗲𝗿ᴾᴿᴼ",
            "buttontext": {
                "loggedin": {
                    "link": "/dashboard"
                },
                "loggedout": {
                    "link": "/login"
                }
            }
        }
    }
}